{"episode_reward": {"first_0": [-330.03286192516737], "second_0": [-80.97304041442153]}, "loss": {"first_0": [NaN], "second_0": [NaN]}, "episode_length": [226]}